{
	"partitions" : [
		{
			"name" : "Top",
			"pins" : [
				{
					"name" : "VGA_R[0]",
					"strict" : false
				},
				{
					"name" : "VGA_R[1]",
					"strict" : false
				},
				{
					"name" : "VGA_R[2]",
					"strict" : false
				},
				{
					"name" : "VGA_R[3]",
					"strict" : false
				},
				{
					"name" : "VGA_R[4]",
					"strict" : false
				},
				{
					"name" : "VGA_R[5]",
					"strict" : false
				},
				{
					"name" : "VGA_R[6]",
					"strict" : false
				},
				{
					"name" : "VGA_R[7]",
					"strict" : false
				},
				{
					"name" : "VGA_G[0]",
					"strict" : false
				},
				{
					"name" : "VGA_G[1]",
					"strict" : false
				},
				{
					"name" : "VGA_G[2]",
					"strict" : false
				},
				{
					"name" : "VGA_G[3]",
					"strict" : false
				},
				{
					"name" : "VGA_G[4]",
					"strict" : false
				},
				{
					"name" : "VGA_G[5]",
					"strict" : false
				},
				{
					"name" : "VGA_G[6]",
					"strict" : false
				},
				{
					"name" : "VGA_G[7]",
					"strict" : false
				},
				{
					"name" : "VGA_B[0]",
					"strict" : false
				},
				{
					"name" : "VGA_B[1]",
					"strict" : false
				},
				{
					"name" : "VGA_B[2]",
					"strict" : false
				},
				{
					"name" : "VGA_B[3]",
					"strict" : false
				},
				{
					"name" : "VGA_B[4]",
					"strict" : false
				},
				{
					"name" : "VGA_B[5]",
					"strict" : false
				},
				{
					"name" : "VGA_B[6]",
					"strict" : false
				},
				{
					"name" : "VGA_B[7]",
					"strict" : false
				},
				{
					"name" : "VGA_HS",
					"strict" : false
				},
				{
					"name" : "VGA_VS",
					"strict" : false
				},
				{
					"name" : "VGA_CLK",
					"strict" : false
				},
				{
					"name" : "ansSign_out",
					"strict" : false
				},
				{
					"name" : "aSign_out",
					"strict" : false
				},
				{
					"name" : "bSign_out",
					"strict" : false
				},
				{
					"name" : "tens_out[0]",
					"strict" : false
				},
				{
					"name" : "tens_out[1]",
					"strict" : false
				},
				{
					"name" : "tens_out[2]",
					"strict" : false
				},
				{
					"name" : "tens_out[3]",
					"strict" : false
				},
				{
					"name" : "tens_out[4]",
					"strict" : false
				},
				{
					"name" : "tens_out[5]",
					"strict" : false
				},
				{
					"name" : "tens_out[6]",
					"strict" : false
				},
				{
					"name" : "ones_out[0]",
					"strict" : false
				},
				{
					"name" : "ones_out[1]",
					"strict" : false
				},
				{
					"name" : "ones_out[2]",
					"strict" : false
				},
				{
					"name" : "ones_out[3]",
					"strict" : false
				},
				{
					"name" : "ones_out[4]",
					"strict" : false
				},
				{
					"name" : "ones_out[5]",
					"strict" : false
				},
				{
					"name" : "ones_out[6]",
					"strict" : false
				},
				{
					"name" : "a_out[0]",
					"strict" : false
				},
				{
					"name" : "a_out[1]",
					"strict" : false
				},
				{
					"name" : "a_out[2]",
					"strict" : false
				},
				{
					"name" : "a_out[3]",
					"strict" : false
				},
				{
					"name" : "a_out[4]",
					"strict" : false
				},
				{
					"name" : "a_out[5]",
					"strict" : false
				},
				{
					"name" : "a_out[6]",
					"strict" : false
				},
				{
					"name" : "b_out[0]",
					"strict" : false
				},
				{
					"name" : "b_out[1]",
					"strict" : false
				},
				{
					"name" : "b_out[2]",
					"strict" : false
				},
				{
					"name" : "b_out[3]",
					"strict" : false
				},
				{
					"name" : "b_out[4]",
					"strict" : false
				},
				{
					"name" : "b_out[5]",
					"strict" : false
				},
				{
					"name" : "b_out[6]",
					"strict" : false
				},
				{
					"name" : "ar",
					"strict" : false
				},
				{
					"name" : "clk",
					"strict" : false
				},
				{
					"name" : "select[1]",
					"strict" : false
				},
				{
					"name" : "select[0]",
					"strict" : false
				},
				{
					"name" : "a[3]",
					"strict" : false
				},
				{
					"name" : "b[3]",
					"strict" : false
				},
				{
					"name" : "a[1]",
					"strict" : false
				},
				{
					"name" : "a[2]",
					"strict" : false
				},
				{
					"name" : "a[0]",
					"strict" : false
				},
				{
					"name" : "b[1]",
					"strict" : false
				},
				{
					"name" : "b[2]",
					"strict" : false
				},
				{
					"name" : "b[0]",
					"strict" : false
				},
				{
					"name" : "nextLine",
					"strict" : false
				}
			]
		}
	]
}